id,player_name,games,time,goals,xG,assists,xA,shots,key_passes,yellow_cards,red_cards,position,team_title,npg,npxG,xGChain,xGBuildup
647,Harry Kane,32,2827,21,19.70341106131673,13,7.34593310020864,126,45,1,0,F,Tottenham,17,16.65873559191823,23.317429882474244,4.318034618161619
1250,Mohamed Salah,34,2815,21,18.342733515426517,4,5.720731806010008,112,47,0,0,F M S,Liverpool,15,13.775720516219735,25.87207045406103,9.338338511064649
1228,Bruno Fernandes,36,3027,18,15.755829584784806,11,11.460348032414913,115,94,5,0,M S,Manchester United,9,8.144214750267565,26.18472911976278,11.332602957263589
453,Son Heung-Min,34,2869,17,10.848620999604464,10,9.143786175176501,65,68,0,0,F M S,Tottenham,16,10.087452147156,19.97033627703786,6.268807960674167
5555,Dominic Calvert-Lewin,30,2608,16,17.167243022471666,0,1.9790722467005253,75,17,3,0,F S,Everton,16,17.167243022471666,18.498458549380302,4.035044580698013
822,Patrick Bamford,35,2892,15,16.574155781418085,7,3.6444675344973803,100,28,3,0,F,Leeds,14,15.812986955046654,21.95034945756197,3.864322504028678
755,Jamie Vardy,32,2668,13,18.192518953233957,9,5.087881522253156,77,28,1,0,F S,Leicester,7,12.864337112754583,18.096152685582638,2.394785463809967
3277,Alexandre Lacazette,30,1928,13,12.028909418731928,2,2.209213115274906,45,22,3,0,F M S,Arsenal,10,9.745402876287699,14.361542394384742,2.9379407837986946
8865,Ollie Watkins,34,3060,13,15.34921059757471,4,4.618962111882865,91,39,2,1,F,Aston Villa,12,13.82687296718359,20.077412359416485,5.012099118903279
314,Ilkay Gündogan,26,1882,12,8.832461603917181,1,3.610129689797759,49,38,1,0,M S,Manchester City,11,7.310123869217932,18.226930163800716,9.81162566691637
468,Callum Wilson,26,2079,12,13.59009125083685,5,3.046300631016493,49,17,2,0,F S,Newcastle United,8,10.545415870845318,14.205592930316925,1.0525451973080635
986,Danny Ings,26,2013,12,7.952420797199011,4,2.2491161515936255,52,21,1,0,F S,Southampton,10,6.4300830736756325,9.703507600352168,1.9795464240014553
4456,Chris Wood,30,2518,12,12.453611824661493,3,1.9581525810062885,65,21,0,0,F S,Burnley,10,10.931274089962244,13.043226011097431,2.1301593221724033
556,Marcus Rashford,36,2914,11,9.579709991812706,9,4.185122115537524,79,44,4,0,F M S,Manchester United,11,9.579709991812706,20.441910162568092,8.927207557484508
620,Kelechi Iheanacho,23,1334,11,8.638898958452046,2,3.497371606528759,54,26,1,0,F S,Leicester,11,7.877730120904744,13.401186440140009,3.2854532599449158
318,Pierre-Emerick Aubameyang,27,2164,10,9.657305888831615,3,2.3524065418168902,53,19,2,0,F M S,Arsenal,8,8.134968228638172,14.242215191945434,3.955129318870604
522,Wilfried Zaha,27,2345,10,8.35733626037836,2,3.372083632275462,52,25,5,0,F M S,Crystal Palace,8,6.8349986001849174,12.623472683131695,3.1685666274279356
618,Raheem Sterling,29,2359,10,11.763264082372189,6,5.766764298081398,68,34,3,0,F M S,Manchester City,10,11.002095226198435,23.50405678525567,10.942846529185772
7153,Matheus Pereira,31,2414,10,6.634749377146363,5,6.046564646065235,57,54,2,1,M S,West Bromwich Albion,6,3.590073924511671,10.037578923627734,3.3671833779662848
531,Michail Antonio,23,1743,9,13.015610855072737,5,3.006022961810231,56,24,3,0,F S,West Ham,9,13.015610855072737,17.60216599330306,2.345082100480795
558,Jesse Lingard,13,1164,9,5.02112340927124,3,1.777623189613223,36,12,3,0,F M,West Ham,8,3.4987857826054096,7.527247425168753,3.8693830892443657
750,Riyad Mahrez,25,1804,9,6.0307086342945695,4,5.404377521947026,54,42,0,0,F M S,Manchester City,9,6.0307086342945695,18.02916401065886,8.46899783052504
838,Sadio Mané,32,2535,9,12.691804388538003,5,7.168414896354079,86,52,3,0,F M S,Liverpool,9,12.691804388538003,22.29871542751789,5.251550579443574
2251,Gareth Bale,17,785,9,4.099020583555102,2,1.4099053852260113,30,14,1,0,M S,Tottenham,9,4.099020583555102,6.05177354067564,2.442213888745755
3294,Edinson Cavani,25,1267,9,8.588583774864674,3,2.0423992853611708,33,13,4,0,F S,Manchester United,9,8.588583774864674,11.940688118338585,2.7016380857676268
6681,Harvey Barnes,25,1954,9,6.697319919243455,4,1.7716880273073912,56,26,0,0,F M S,Leicester,9,6.697319919243455,8.893774410709739,1.5948405284434557
6854,Diogo Jota,18,1113,9,7.05772053822875,0,1.7625210750848055,46,12,2,0,F M S,Liverpool,9,7.05772053822875,10.972974702715874,4.0760964918881655
8288,Tomas Soucek,35,3150,9,7.7924104407429695,1,2.187181556597352,56,16,7,1,M,West Ham,9,7.7924104407429695,14.479483678936958,7.472760684788227
482,Roberto Firmino,33,2620,8,12.149454157799482,6,4.858292931690812,76,37,2,0,F M S,Liverpool,8,12.149454157799482,22.78859120607376,8.90119499526918
606,Christian Benteke,28,1652,8,6.685307236388326,1,0.6630528634414077,64,13,0,1,F S,Crystal Palace,8,6.685307236388326,8.138484058901668,3.138491570018232
843,James Ward-Prowse,35,3150,8,5.201690602116287,6,3.176563808694482,38,53,5,0,D M,Southampton,5,2.1570152370259166,9.842163039371371,8.682978311553597
1776,Jarrod Bowen,35,2434,8,7.817085841670632,5,4.048757742159069,53,26,0,0,F M S,West Ham,8,7.817085841670632,12.968814136460423,2.9690987011417747
3621,Neal Maupay,33,2526,8,13.773534506559372,2,4.277407880872488,71,32,1,1,F M S,Brighton,5,10.728932749480009,17.157539159059525,3.381784765049815
5543,Gabriel Jesus,26,1879,8,8.851893458515406,3,2.8750167125836015,49,28,2,0,F M S,Manchester City,8,8.851893458515406,15.720656286925077,5.374140866100788
5612,Anwar El Ghazi,25,1351,8,7.525047595612705,0,1.70683659799397,56,22,2,0,F M S,Aston Villa,5,5.241541068069637,6.922054355032742,2.4657629374414682
6818,James Maddison,29,1997,8,3.808644549921155,5,5.386723920702934,74,50,4,0,M S,Leicester,8,3.808644549921155,11.72450578585267,6.073130352422595
7700,Che Adams,34,2548,8,10.767483573406935,5,4.718109056353569,52,34,1,0,F S,Southampton,8,10.767483573406935,12.847208738327026,2.3221961986273527
8718,Stuart Dallas,35,3142,8,4.208135977387428,2,2.068672263994813,42,25,6,0,D M,Leeds,8,4.208135977387428,16.649573490023613,12.173969535157084
6055,Phil Foden,26,1458,7,5.18924518302083,5,4.714642845094204,41,35,0,0,F M S,Manchester City,7,5.18924518302083,12.312139343470335,4.857760529965162
7490,Mason Greenwood,30,1741,7,6.52393177524209,2,2.4278998095542192,64,14,2,0,F M S,Manchester United,7,6.52393177524209,13.446798803284764,5.820841267704964
7711,David McGoldrick,32,2139,7,6.575148608535528,1,1.0166937112808228,58,14,7,0,F M S,Sheffield United,7,6.575148608535528,8.989745832979679,3.0642980774864554
8720,Jack Harrison,33,2601,7,6.087562904693186,6,6.4013020396232605,44,55,2,0,M S,Leeds,7,6.087562904693186,17.675276581197977,7.372192177921534
65,Timo Werner,33,2425,6,12.785178245976567,8,6.206777170300484,73,32,1,0,F M S,Chelsea,6,12.785178245976567,19.0822137221694,4.7621055180206895
675,Jack Grealish,23,1996,6,5.120225489139557,10,8.994382288306952,47,76,5,0,F M S,Aston Villa,6,5.120225489139557,16.804672822356224,6.531452186405659
695,Bertrand Traoré,33,2131,6,5.665211618877947,5,3.7279020976275206,54,28,1,0,F M S,Aston Villa,6,5.665211618877947,8.406676847487688,1.2456263406202197
702,Tammy Abraham,22,1027,6,6.189150683581829,1,0.7214874606579542,32,9,0,0,F S,Chelsea,6,6.189150683581829,7.9011704083532095,2.1223282255232334
714,Gylfi Sigurdsson,33,2061,6,5.486176838167012,4,4.5354517083615065,41,36,2,0,F M S,Everton,3,3.2026702808216214,8.13070291467011,3.6181173250079155
1389,Jorginho,26,1870,6,6.211521840654314,1,1.433983601629734,13,20,1,0,M S,Chelsea,0,0.12224532943218946,9.655267720110714,9.264822286553681
2249,James Rodríguez,22,1722,6,3.2969255317002535,4,5.1756597720086575,36,38,3,0,F M S,Everton,6,3.2969255317002535,11.664171978831291,6.985154842957854
5656,Nicolas Pepe,27,1422,6,5.330981210805476,1,1.0121600376442075,41,11,1,1,F M S,Arsenal,5,4.569812390953302,7.926333265379071,3.4535441044718027
5956,Youri Tielemans,36,3179,6,4.168203926645219,4,3.118208749219775,48,44,6,0,M S,Leicester,4,2.6458663111552596,18.497013844549656,14.53907584771514
6026,Richarlison,31,2623,6,9.909840920940042,3,3.2133241202682257,72,22,3,1,F M S,Everton,5,9.14867208339274,14.994145773351192,5.00613803230226
7768,Mason Mount,34,2711,6,5.782994152978063,5,9.015260664746165,74,82,2,0,F M S,Chelsea,5,5.021825326606631,19.47517227847129,11.345077167265117
8026,Raphinha,27,2106,6,5.652066547423601,7,8.475176710635424,60,58,3,0,M S,Leeds,6,5.652066547423601,15.204983308911324,5.708637500181794
447,Kevin De Bruyne,24,1918,5,9.908439546823502,11,10.00376264937222,79,72,1,0,M S,Manchester City,3,7.624932937324047,21.079131573438644,10.636447556316853
501,Danny Welbeck,22,1433,5,7.056746371090412,1,3.15952305495739,34,21,0,0,F M S,Brighton,5,6.295614309608936,9.736355217173696,1.2708364985883236
935,Kurt Zouma,23,2023,5,3.1368534453213215,0,0.08146697096526623,27,4,3,0,D S,Chelsea,5,3.1368534453213215,6.216146335937083,6.133133308030665
4476,Callum Robinson,27,1518,5,3.0396126806735992,0,0.9884877055883408,27,15,0,0,F M S,West Bromwich Albion,5,3.0396126806735992,4.933082580566406,1.5240129679441452
6048,Lewis Dunk,32,2844,5,2.6992577090859413,0,0.830638368614018,31,10,5,2,D,Brighton,5,2.6992577090859413,8.265677943825722,7.870708651840687
6382,Pedro Neto,31,2570,5,5.494995640590787,6,5.738268097862601,62,61,4,0,F M S,Wolverhampton Wanderers,5,5.494995640590787,11.516661681234837,4.206935252994299
6630,Joe Willock,18,945,5,2.701276410371065,0,0.6857041846960783,14,8,1,0,M S,"Arsenal,Newcastle United",5,2.701276410371065,6.014180283993483,2.7973783956840634
6827,Bobby Reid,30,2124,5,4.176148121245205,0,0.6785425674170256,33,12,7,0,D F M S,Fulham,5,4.176148121245205,7.287261572666466,2.9408622719347477
6853,Rúben Neves,33,2485,5,4.700352722778916,1,1.9732779022306204,64,30,7,0,M S,Wolverhampton Wanderers,2,2.416846204549074,6.669435545802116,4.406119366176426
7322,Bukayo Saka,30,2493,5,7.169173587113619,3,4.490779175423086,61,37,1,0,D F M S,Arsenal,5,7.169173587113619,17.895904053002596,8.804888703860343
502,Olivier Giroud,16,749,4,5.070415806025267,0,1.1757991276681423,29,6,1,0,F S,Chelsea,4,5.070415806025267,5.245491370558739,1.7113372217863798
553,Anthony Martial,22,1494,4,7.405651165172458,3,2.6198029601946473,42,17,0,1,F M S,Manchester United,4,7.405651165172458,11.814813017845154,3.3195053301751614
586,John Stones,20,1753,4,2.3939535319805145,0,0.04683952126652002,14,2,0,1,D,Manchester City,4,2.3939535319805145,9.842463970184326,9.742794871330261
2381,Rodrigo,23,1129,4,3.976446969434619,1,2.348015908151865,40,25,3,0,M S,Leeds,4,3.976446969434619,8.854256473481655,3.6713667269796133
2662,Christian Pulisic,25,1559,4,5.873128302395344,1,2.325320916250348,39,23,2,0,F M S,Chelsea,4,5.873128302395344,12.149665001779795,5.613761723972857
4105,Raúl Jiménez,10,824,4,2.3609096854925156,0,0.6329625025391579,26,6,0,0,F,Wolverhampton Wanderers,4,2.3609096854925156,3.6840762607753277,1.2332111839205027
5220,Kai Havertz,26,1501,4,5.493105782195926,3,1.553381915204227,29,18,2,0,F M S,Chelsea,4,5.493105782195926,9.83903515059501,4.789780588820577
5556,Ademola Lookman,31,2584,4,6.0425405548885465,4,4.878914166241884,66,58,4,0,F M S,Fulham,4,5.281371687538922,14.662144415080547,7.165972429327667
5560,Scott McTominay,31,2058,4,1.8146747704595327,1,2.0856062062084675,25,16,3,0,M S,Manchester United,4,1.8146747704595327,10.690140835940838,7.744732905179262
6441,Ferrán Torres,21,1187,4,4.608379679732025,2,2.155940504744649,31,17,1,0,F M S,Manchester City,4,4.608379679732025,8.58190480992198,2.6605082657188177
6893,Stuart Armstrong,30,2532,4,2.446830593980849,5,2.4358129762113094,47,31,3,0,M S,Southampton,4,2.446830593980849,8.378516718745232,5.270751276984811
7420,Miguel Almirón,31,2197,4,3.412576176226139,1,3.0747401881963015,30,29,3,0,F M S,Newcastle United,4,3.412576176226139,8.382801184430718,3.1448350036516786
7698,Leandro Trossard,32,2455,4,5.143986931070685,5,5.300639245659113,54,47,2,0,F M S,Brighton,4,5.143986931070685,15.187806466594338,7.077607803046703
8706,Eberechi Eze,33,2480,4,2.095114389434457,5,3.6385540859773755,30,40,3,0,M S,Crystal Palace,4,2.095114389434457,7.584604304283857,3.752393290400505
8778,Fabio Silva,29,1078,4,5.342896170914173,2,1.0354305505752563,36,10,2,0,F S,Wolverhampton Wanderers,3,4.5817273408174515,4.3377541452646255,1.0702383313328028
87,Joelinton,29,1865,3,4.273311214521527,2,2.366481453180313,38,17,3,0,F M S,Newcastle United,3,4.273311214521527,8.171295834705234,2.784465031698346
101,Allan Saint-Maximin,22,1346,3,2.7120423167943954,4,3.7353127682581544,27,25,0,0,F M S,Newcastle United,3,2.7120423167943954,9.011993665248156,2.92417405359447
111,Jannik Vestergaard,27,2301,3,1.9914242196828127,0,0.7236679829657078,21,6,3,1,D S,Southampton,3,1.9914242196828127,5.175864038988948,5.118236944079399
239,Pascal Groß,31,2199,3,4.846762925386429,7,5.144720702432096,29,66,3,0,D M S,Brighton,0,1.802124347537756,9.764008916914463,6.209092799574137
592,Ross Barkley,26,1574,3,3.6999339712783694,1,4.31900261156261,39,40,0,0,M S,"Aston Villa,Chelsea",3,3.6999339712783694,9.896902839653194,3.7172514870762825
669,Ashley Westwood,35,3142,3,0.9271404799073935,3,5.995335964486003,16,45,6,0,M,Burnley,3,0.9271404799073935,9.206066051498055,5.617356908507645
773,Aleksandar Mitrovic,27,1369,3,5.677362998947501,3,2.9247111547738314,59,23,3,0,F S,Fulham,2,4.1550253089517355,7.808299113065004,1.8494821228086948
804,Craig Dawson,19,1655,3,2.248043964151293,0,0.054468296468257904,12,2,2,1,D,West Ham,3,2.248043964151293,1.7566140461713076,1.7566140461713076
964,Kyle Bartley,27,2311,3,2.4823426380753517,1,0.7080229632556438,12,6,4,0,D S,West Bromwich Albion,3,2.4823426380753517,2.4327073488384485,1.4993401113897562
1017,Matej Vydra,25,1242,3,4.952641274780035,2,2.0773192942142487,33,13,0,0,F S,Burnley,3,4.952641274780035,5.9642044603824615,1.0061825700104237
1653,Michael Keane,32,2716,3,1.493232593871653,1,0.9810312297195196,15,5,4,0,D S,Everton,3,1.493232593871653,6.128750966861844,5.956809790804982
1740,Paul Pogba,25,1803,3,2.8549851682037115,3,1.9807223100215197,30,22,3,0,M S,Manchester United,3,2.8549851682037115,11.051841720938683,7.023932062089443
2335,Pablo Fornals,30,2333,3,4.6493729669600725,3,2.0059344777837396,39,26,3,0,F M S,West Ham,3,4.6493729669600725,13.21162635833025,7.263718189671636
3293,Lucas Moura,29,1372,3,1.9466326590627432,4,2.0640352852642536,18,16,1,0,F M S,Tottenham,3,1.9466326590627432,7.430767074227333,5.116793677210808
3428,Hélder Costa,22,1152,3,2.598154854029417,3,0.6283337883651257,16,7,0,0,M S,Leeds,3,2.598154854029417,4.516011323779821,2.2073262743651867
3491,Romain Saiss,25,2229,3,2.727694588713348,0,0.600647833198309,24,3,2,0,D,Wolverhampton Wanderers,3,2.727694588713348,4.189586192369461,3.452934387139976
3683,Ivan Cavaleiro,33,2207,3,5.039956424385309,0,2.2492165798321366,43,36,2,0,F M S,Fulham,2,3.517618704587221,7.190946359187365,2.5122634675353765
4381,Mateusz Klich,34,2326,3,2.965944282244891,5,3.609353756532073,35,43,6,0,M S,Leeds,1,1.443606614600867,14.445205423980951,10.299037787131965
4422,Ashley Barnes,20,1318,3,3.7853860296308994,0,0.7599670374765992,36,18,4,0,F M S,Burnley,2,3.024217162281275,4.097658472135663,1.1805402059108019
5587,Josh Maja,13,771,3,4.855028033256531,0,0.6545550748705864,20,6,0,0,F S,Fulham,2,4.0938591957092285,4.2977206483483315,0.6455439738929272
5595,Daniel James,14,830,3,1.9432968124747276,0,0.7408441361039877,16,7,3,0,M S,Manchester United,3,1.9432968124747276,4.284207716584206,1.735916318371892
5962,Tanguy NDombele Alvaro,31,2122,3,1.5304815424606204,2,2.1263335961848497,18,14,3,0,M S,Tottenham,3,1.5304815424606204,10.837185561656952,7.908005572855473
6144,Sébastien Haller,16,933,3,2.554668180644512,0,1.134867813438177,25,10,0,0,F S,West Ham,3,2.554668180644512,3.66033024340868,0.8529489319771528
7712,Billy Sharp,16,723,3,2.983076898381114,0,0.5832782126963139,9,4,1,0,F S,Sheffield United,1,1.4607392232865095,2.650699468329549,0.6648953501135111
8239,Takumi Minamino,17,864,3,2.4740965645760298,0,0.5083701945841312,17,3,1,0,F M S,"Liverpool,Southampton",3,2.4740965645760298,5.120728470385075,2.271041641011834
8291,Daniel Podence,24,1718,3,2.744377875700593,2,1.8394327834248543,32,21,3,0,F M S,Wolverhampton Wanderers,3,2.744377875700593,6.725102685391903,2.910881344228983
9290,Mbaye Diagne,15,1204,3,6.247825153172016,2,0.9861007407307625,25,10,2,0,F S,West Bromwich Albion,3,6.247825153172016,8.729950740933418,1.773010155186057
503,Theo Walcott,20,1568,2,2.178260738030076,3,1.2631027586758137,28,17,0,0,F M S,"Everton,Southampton",2,2.178260738030076,5.362903460860252,2.146890066564083
528,Angelo Ogbonna,25,2223,2,1.1458240104839206,0,0.4284707475453615,11,4,4,0,D,West Ham,2,1.1458240104839206,3.2965058349072933,3.0740108899772167
619,Sergio Agüero,11,533,2,3.0022155456244946,1,1.315659787505865,15,7,0,0,F M S,Manchester City,1,1.4798778621479869,3.3636604510247707,1.1454504542052746
725,Ola Aina,30,2620,2,0.8479764661751688,1,1.494544731453061,14,14,3,0,D,Fulham,2,0.8479764661751688,6.714962117839605,6.1204672530293465
757,Jeffrey Schlupp,24,1217,2,1.9601007588207722,3,2.5239901393651962,16,16,2,0,M S,Crystal Palace,2,1.9601007588207722,4.69218915887177,3.1047238055616617
766,Jamaal Lascelles,19,1633,2,0.7653548326343298,0,0.06688277795910835,16,2,4,0,D,Newcastle United,2,0.7653548326343298,2.606449857354164,2.349907726049423
770,Ayoze Pérez,23,1228,2,3.704304128885269,1,1.2486064918339252,29,23,1,0,F M S,Leicester,2,3.704304128885269,9.470147604122758,6.689615219831467
771,Georginio Wijnaldum,35,2789,2,2.6333671621978283,0,1.5136420959606767,28,18,1,0,M S,Liverpool,2,2.6333671621978283,12.761830356903374,9.615142229944468
782,Ben Chilwell,25,2116,2,2.0178281869739294,5,2.131265413016081,22,25,3,0,D M,Chelsea,2,2.0178281869739294,9.37348198890686,7.338771179318428
790,Nathan Redmond,26,1519,2,3.0773709546774626,3,2.921566378325224,38,21,1,0,F M S,Southampton,2,3.0773709546774626,7.809677846729755,3.1825931146740913
807,Jonny Evans,28,2483,2,1.8557127667590976,2,0.5386310797184706,8,10,7,0,D,Leicester,2,1.8557127667590976,8.730609510093927,7.94296670332551
900,Adama Traoré,34,2424,2,1.8497012574225664,2,5.044919631443918,38,51,4,0,D F M S,Wolverhampton Wanderers,2,1.8497012574225664,8.879813169129193,2.814668346196413
1024,Tyrone Mings,34,3014,2,2.0616126153618097,2,0.376271465793252,19,7,4,1,D,Aston Villa,2,2.0616126153618097,6.473169055767357,6.2492685886099935
1621,Marcos Alonso,13,962,2,1.8240782842040062,0,1.7216993779875338,22,15,2,0,D S,Chelsea,2,1.8240782842040062,4.643395733088255,2.536423623561859
1654,Ben Mee,28,2515,2,1.3018230283632874,0,0.40950995590537786,19,5,3,0,D,Burnley,2,1.3018230283632874,1.6749704303219914,1.5725951716303825
1663,Johann Berg Gudmundsson,19,1171,2,1.260251121595502,0,0.8687200024724007,17,8,2,0,M S,Burnley,2,1.260251121595502,2.8928097747266293,0.9361366247758269
1678,Michy Batshuayi,18,706,2,1.3631451642140746,1,1.6547212526202202,12,9,0,0,F S,Crystal Palace,2,1.3631451642140746,3.708006873726845,1.4757320675998926
1687,Harry Maguire,34,3049,2,1.4843367198482156,1,0.2909430041909218,36,7,11,0,D,Manchester United,2,1.4843367198482156,13.127003896981478,13.018347103148699
1726,Abdoulaye Doucouré,26,2239,2,2.3695230297744274,3,2.381616309285164,18,20,6,0,M,Everton,2,2.3695230297744274,9.771162193268538,6.149429757148027
1737,Matt Phillips,30,1553,2,2.832810469903052,1,3.0971188824623823,20,23,1,0,M S,West Bromwich Albion,2,2.832810469903052,6.356336974538863,2.0959523506462574
1746,Jeff Hendrick,21,1427,2,1.107993796467781,1,1.4332300974056125,10,6,1,1,M S,Newcastle United,2,1.107993796467781,3.6056416034698486,1.3866964289918542
1791,Trent Alexander-Arnold,33,2770,2,2.2163037480786443,6,7.961260203272104,47,68,1,0,D S,Liverpool,2,2.2163037480786443,20.767661292105913,15.806994288228452
2496,Rodri,31,2539,2,2.538603558205068,1,2.2616175282746553,31,30,4,0,M S,Manchester City,1,1.7774347001686692,18.52343062311411,16.705697037279606
3203,Issa Diop,16,1377,2,0.9535309672355652,0,0.017779581248760223,3,1,3,0,D S,West Ham,2,0.9535309672355652,2.147920772433281,1.8317234739661217
3288,Thiago Silva,21,1758,2,1.1294592134654522,0,0.24874140694737434,10,4,3,1,D,Chelsea,2,1.1294592134654522,6.971579289063811,6.765640648081899
3389,Benjamin Mendy,12,946,2,0.33414089120924473,1,0.301439743489027,6,5,2,0,D M S,Manchester City,2,0.33414089120924473,2.700364410877228,2.2798301205039024
3600,Serge Aurier,19,1619,2,1.475271712988615,3,3.7193944454193115,15,17,0,0,D M,Tottenham,2,1.475271712988615,8.711731988936663,5.293095897883177
3635,Bernardo Silva,24,1908,2,3.5988134182989597,6,4.713106060400605,28,25,4,0,F M S,Manchester City,2,3.5988134182989597,15.985214347019792,9.575227623805404
4490,Semi Ajayi,30,2503,2,1.037976186722517,0,0.19403322413563728,9,5,3,1,D S,West Bromwich Albion,2,1.037976186722517,3.347423989325762,2.784706372767687
5584,Aaron Wan-Bissaka,33,2970,2,0.9324539508670568,4,2.2690164875239134,7,29,3,0,D,Manchester United,2,0.9324539508670568,11.9488280788064,9.528408920392394
5613,Gabriel,21,1814,2,1.5506375255063176,0,0.05609598755836487,15,2,2,1,D S,Arsenal,2,1.5506375255063176,5.212809808552265,5.198376424610615
6027,Jairo Riedewald,31,1708,2,0.5630812272429466,0,0.8817399349063635,8,10,3,0,M S,Crystal Palace,2,0.5630812272429466,3.495763400569558,2.3339505027979612
6049,Solly March,21,1684,2,1.7836019955575466,1,1.67881984077394,22,27,0,0,D M S,Brighton,2,1.7836019955575466,8.322110306471586,5.68054904974997
6063,Jacob Murphy,23,1341,2,1.3391799945384264,2,2.40715092420578,26,15,3,0,D M S,Newcastle United,2,1.3391799945384264,6.24275774974376,3.4265878750011325
6157,Timothy Castagne,25,2169,2,1.6002665907144547,3,2.3069625329226255,8,21,1,0,D M,Leicester,2,1.6002665907144547,8.053708927705884,6.214018162339926
6456,Callum Hudson-Odoi,23,1048,2,1.3696892522275448,3,3.104141779243946,23,31,0,0,D F M S,Chelsea,2,1.3696892522275448,7.824358187615871,5.499199015088379
6482,Eddie Nketiah,17,405,2,2.022098697721958,1,0.7423548772931099,12,8,0,0,F S,Arsenal,2,2.022098697721958,2.0772803630679846,0.22055049240589142
6521,Yerry Mina,23,1851,2,1.7137870863080025,0,0.01959897391498089,15,1,2,0,D S,Everton,2,1.7137870863080025,4.13946327380836,4.039041114971042
6756,Dwight McNeil,33,2840,2,0.9398830961436033,5,5.133683638647199,23,44,1,0,M S,Burnley,2,0.9398830961436033,6.660769449546933,3.4597803372889757
7230,Emile Smith-Rowe,18,1292,2,1.5921600051224232,4,3.449013853445649,13,23,0,0,M S,Arsenal,2,1.5921600051224232,8.82690954208374,5.079441741108894
7722,Trézéguet,21,1175,2,3.9790354687720537,1,2.1475677508860826,35,13,0,0,F M S,Aston Villa,2,3.9790354687720537,7.027209060266614,1.9039327781647444
7723,John McGinn,34,3060,2,2.065716209821403,5,3.282321690581739,40,39,9,0,M,Aston Villa,2,2.065716209821403,14.069700164720416,9.326521312817931
7726,Ezri Konsa Ngoyo,33,2922,2,3.1259864196181297,0,0.09317662566900253,19,2,3,0,D S,Aston Villa,2,3.1259864196181297,3.081489134579897,3.0338830836117268
7753,James Justin,23,2070,2,1.517483089119196,1,2.0591362714767456,9,19,4,0,D,Leicester,2,1.517483089119196,7.665663853287697,5.505036119371653
7991,Aaron Connolly,16,755,2,4.412463581189513,1,0.1498970314860344,22,5,0,0,F M S,Brighton,2,4.412463581189513,4.720931319519877,0.19122542813420296
8722,Ezgjan Alioski,33,2205,2,1.648656732402742,2,3.1028038943186402,22,24,7,0,D M S,Leeds,2,1.648656732402742,12.436272737104446,8.759378074202687
8992,Hakim Ziyech,22,1154,2,1.967260705307126,3,4.038946118205786,34,32,3,0,F M S,Chelsea,2,1.967260705307126,6.754871517419815,3.245680463500321
9040,Conor Gallagher,27,2259,2,1.542326157912612,2,1.1885783281177282,29,17,10,0,M S,West Bromwich Albion,2,1.542326157912612,4.937250528484583,3.0024961419403553
9205,Jayden Bogle,15,1019,2,1.8339664191007614,0,0.2085538413375616,16,4,2,0,D M S,Sheffield United,2,1.8339664191007614,2.587647929787636,1.365645308047533
204,Granit Xhaka,29,2438,1,0.711672673933208,2,1.3341607823967934,18,14,7,1,D M S,Arsenal,1,0.711672673933208,12.773185357451439,11.757461888715625
229,Thiago Alcántara,21,1595,1,0.6809273147955537,0,1.6708731837570667,16,24,4,0,M S,Liverpool,1,0.6809273147955537,8.866885522380471,7.765785804018378
332,Joel Matip,10,701,1,0.7844753786921501,2,1.1802754700183868,5,3,2,0,D S,Liverpool,1,0.7844753786921501,4.383128449320793,4.383128449320793
343,Pierre-Emile Højbjerg,35,3150,1,0.5843044174835086,3,1.4104572543874383,11,14,8,0,M,Tottenham,1,0.5843044174835086,14.66818149201572,13.71104989387095
486,Adam Lallana,27,1470,1,1.614305904135108,1,2.628757566213608,22,25,0,0,F M S,Brighton,1,1.614305904135108,9.099489074200392,5.2538238279521465
492,Héctor Bellerín,25,2098,1,0.8602298125624657,2,2.1715124365873635,15,21,8,0,D S,Arsenal,1,0.8602298125624657,8.05989222228527,6.266995819285512
496,Mohamed Elneny,22,1450,1,0.4756157984957099,0,0.2569417227059603,9,4,2,0,M S,Arsenal,1,0.4756157984957099,4.820210117846727,4.275617383420467
500,Alex Iwobi,29,1505,1,0.8436320181936026,2,2.155348900705576,15,16,0,0,D F M S,Everton,1,0.8436320181936026,7.218916330486536,4.475584605708718
512,Scott Dann,15,1350,1,0.5482887476682663,0,0.01761283539235592,4,1,1,0,D,Crystal Palace,1,0.5482887476682663,1.185210364870727,1.167597527615726
532,Cheikhou Kouyaté,33,2856,1,0.823928102850914,0,0.8065672758966684,7,7,3,0,D M S,Crystal Palace,1,0.823928102850914,4.58177968300879,4.367955753579736
535,Manuel Lanzini,17,548,1,0.9710567491129041,1,1.0017921943217516,12,11,1,0,M S,West Ham,1,0.9710567491129041,3.232661292888224,1.5795049192383885
537,Andy Carroll,17,368,1,0.6033168490976095,0,0.06301983259618282,13,2,1,0,F S,Newcastle United,1,0.6033168490976095,0.9890148416161537,0.542128044180572
579,Nathan Aké,9,712,1,0.4863540679216385,0,0.017229333519935608,2,1,4,0,D S,Manchester City,1,0.4863540679216385,3.40017718821764,3.3829478546977043
605,Jordan Henderson,21,1710,1,1.1357975732535124,1,1.483708567917347,14,14,0,0,D M S,Liverpool,1,1.1357975732535124,11.4943608045578,10.461347930133343
638,Kyle Walker,22,1764,1,0.20440490636974573,1,0.4997862335294485,10,8,1,0,D S,Manchester City,1,0.20440490636974573,9.121437881141901,8.723666444420815
639,Toby Alderweireld,22,1973,1,0.5936516616493464,0,0.956832620780915,9,7,2,0,D,Tottenham,1,0.5936516616493464,5.257399536669254,5.22531508654356
644,Erik Lamela,23,683,1,1.28941298276186,0,0.8058319715783,21,8,4,1,F M S,Tottenham,1,1.28941298276186,4.192472445778549,2.828797733411193
672,Jordan Ayew,31,1999,1,2.4715341944247484,3,0.8223461555317044,25,13,3,0,F M S,Crystal Palace,1,2.4715341944247484,5.268271958455443,2.6505742156878114
681,César Azpilicueta,24,2009,1,0.48087434470653534,2,1.790877447463572,10,23,4,0,D S,Chelsea,1,0.48087434470653534,12.425163723528385,10.980681341141462
688,Ruben Loftus-Cheek,29,1919,1,3.3300087321549654,0,1.2082952037453651,35,16,3,0,F M S,"Chelsea,Fulham",1,3.3300087321549654,7.427220126613975,3.595926506444812
699,Gary Cahill,17,1530,1,0.31510643661022186,1,0.4510675072669983,7,4,3,0,D,Crystal Palace,1,0.31510643661022186,2.1231495570391417,1.9721506666392088
700,Willian,25,1413,1,1.8349476363509893,5,3.591709714382887,20,32,0,0,F M S,Arsenal,1,1.8349476363509893,7.110169101506472,3.8155747279524803
743,Dwight Gayle,15,419,1,2.5704224556684494,1,0.24077573977410793,15,5,0,0,F S,Newcastle United,1,2.5704224556684494,2.9740448780357838,0.48503102734684944
753,Marc Albrighton,29,1580,1,1.2220252696424723,5,3.969653956592083,20,37,2,0,D M S,Leicester,1,1.2220252696424723,7.9262490682303905,5.075988046824932
759,Daniel Amartey,12,714,1,0.5421722754836082,0,0,3,0,2,0,D S,Leicester,1,0.5421722754836082,2.5317332670092583,2.4568762108683586
769,Jonjo Shelvey,27,2347,1,1.6873215697705746,2,2.487179797142744,37,34,6,0,M S,Newcastle United,1,1.6873215697705746,8.7216786891222,7.025396719574928
775,Andros Townsend,31,1985,1,1.902133472263813,4,3.1329913064837456,27,32,0,0,F M S,Crystal Palace,1,1.902133472263813,6.629610478878021,3.588416300714016
789,Robbie Brady,19,1061,1,0.7830975204706192,1,0.908582329750061,16,7,3,0,M S,Burnley,1,0.7830975204706192,2.6775898784399033,1.5309140160679817
833,Virgil van Dijk,5,370,1,0.5533826053142548,0,0,4,0,1,0,D,Liverpool,1,0.5533826053142548,1.409594252705574,1.2884346395730972
842,Oriol Romeu,20,1748,1,0.44582715816795826,1,1.5368066392838955,14,14,6,0,M,Southampton,1,0.44582715816795826,6.115794092416763,4.9412069991230965
844,Jay Rodriguez,29,1197,1,2.792608952149749,2,1.2109192460775375,28,6,3,0,F M S,Burnley,1,2.792608952149749,3.917118920944631,0.6576360296458006
853,Paul Dummett,12,984,1,0.36373016238212585,0,0.15713378880172968,1,3,2,0,D S,Newcastle United,1,0.36373016238212585,2.9597830809652805,2.8506076745688915
875,Ciaran Clark,22,1895,1,0.6622023619711399,0,0.14438940957188606,8,2,3,0,D S,Newcastle United,1,0.6622023619711399,2.8629611590877175,2.8629611590877175
985,Mason Holgate,25,2159,1,1.2981890868395567,0,0.5551564954221249,5,7,8,0,D M S,Everton,1,1.2981890868395567,3.6041943412274122,3.1623071059584618
1006,Luke Shaw,31,2569,1,0.6670712400227785,5,6.471944944933057,10,72,7,0,D S,Manchester United,1,0.6670712400227785,12.670126754790545,9.948366329073906
1053,Keinan Davis,14,237,1,1.2115707509219646,1,0.684618379920721,8,6,0,0,F S,Aston Villa,1,1.2115707509219646,1.9074044525623322,0.3350833458825946
1234,Dennis Praet,15,730,1,0.4389684200286865,1,1.215856321156025,8,7,0,0,M S,Leicester,1,0.4389684200286865,2.111918879672885,1.291694002225995
1299,Mario Lemina,27,1616,1,1.2240078952163458,0,1.1261268053203821,17,12,4,0,M S,Fulham,1,1.2240078952163458,4.8899751622229815,3.2317787259817123
1652,Matthew Lowton,31,2790,1,0.7068184353411198,1,2.4339761175215244,18,24,5,0,D,Burnley,1,0.7068184353411198,5.754185508936644,3.0698495591059327
1665,James Tarkowski,33,2970,1,2.6333329984918237,0,0.9441509172320366,21,12,6,0,D,Burnley,1,2.6333329984918237,2.6322531579062343,2.4441866064444184
1676,David Luiz,20,1410,1,0.6695670261979103,0,0.524025484919548,15,2,1,1,D S,Arsenal,1,0.6695670261979103,4.749538991600275,4.629008281975985
1688,Andrew Robertson,35,3121,1,1.3787015434354544,5,6.164850225672126,17,55,2,0,D,Liverpool,1,1.3787015434354544,17.683960754424334,13.75273340754211
1736,Oliver McBurnie,23,1306,1,3.5529933124780655,0,1.0542655810713768,30,15,2,0,F S,Sheffield United,1,3.5529933124780655,6.1072307620197535,2.601921772584319
2163,Diego Llorente,13,1071,1,0.8911787704564631,0,0.46123018860816956,7,4,1,0,D S,Leeds,1,0.8911787704564631,2.616792295128107,1.5928906351327896
2361,Willian José,14,1011,1,1.346107054501772,0,1.2008642992004752,18,11,0,0,F S,Wolverhampton Wanderers,1,1.346107054501772,1.7976989522576332,0.5991501659154892
2379,João Cancelo,26,2219,1,1.800954159349203,3,5.040178642608225,32,44,4,0,D M S,Manchester City,1,1.800954159349203,16.36668187379837,12.80618305504322
2517,Martin Odegaard,12,757,1,0.5720767863094807,0,0.9146237708628178,13,15,0,0,M S,Arsenal,1,0.5720767863094807,4.244013585150242,3.2705796509981155
3422,João Moutinho,30,2286,1,0.4130555223673582,1,1.4738772045820951,12,38,3,1,M S,Wolverhampton Wanderers,1,0.4130555223673582,6.345161074772477,5.652471504174173
4391,Darnell Furlong,32,2656,1,1.805068926885724,3,2.013577278703451,23,14,5,0,D M S,West Bromwich Albion,1,1.805068926885724,5.181833004578948,2.8400548305362463
5256,Oliver Burke,25,1272,1,2.6037612967193127,1,2.620451843366027,25,15,2,0,F S,Sheffield United,1,2.6037612967193127,6.119541306048632,1.053120244294405
5264,Caglar Söyüncü,21,1622,1,0.503563642501831,0,0.3269749563187361,9,7,2,0,D S,Leicester,1,0.503563642501831,7.390434857457876,7.36866756901145
5545,Wilfred Ndidi,24,2001,1,0.5960319405421615,3,1.0372258638963103,16,15,5,0,D M S,Leicester,1,0.5960319405421615,9.914852710440755,8.706745812669396
5549,Luka Milivojevic,31,2374,1,2.213461100589484,1,1.7734643053263426,19,21,8,1,M S,Crystal Palace,0,0.6911234031431377,6.367301893886179,5.705257058143616
5553,Declan Rice,29,2610,1,1.7815009923651814,1,1.9107819236814976,24,21,2,0,M,West Ham,0,1.0203321250155568,9.377085821703076,8.324498759582639
5609,Yves Bissouma,33,2851,1,0.9934921059757471,0,1.0423252619802952,38,14,7,1,M S,Brighton,1,0.9934921059757471,8.95898538455367,7.551876040175557
5681,Giovani Lo Celso,17,885,1,1.4374261051416397,1,1.1451509166508913,12,14,5,0,M S,Tottenham,1,1.4374261051416397,5.047578200697899,3.2104878900572658
5735,Jean-Philippe Mateta,7,213,1,0.32543088495731354,0,0.016295328736305237,4,1,0,0,F S,Crystal Palace,1,0.32543088495731354,0.3973565027117729,0.13605083525180817
6042,Jan Bednarek,35,3021,1,0.44769034907221794,1,1.15994737111032,9,5,4,1,D,Southampton,1,0.44769034907221794,7.938710702583194,7.884195936843753
6080,Victor Lindelöf,28,2497,1,0.7988894507288933,1,0.4023786187171936,4,6,0,0,D,Manchester United,1,0.7988894507288933,8.74083061143756,8.592384080402553
6314,Joachim Andersen,29,2583,1,1.1940982677042484,1,0.4516803417354822,10,8,6,1,D,Fulham,1,1.1940982677042484,6.255442631430924,6.1391470627859235
6424,Ben Johnson,14,506,1,0.48440982960164547,0,0.385865556076169,3,4,1,0,D M S,West Ham,1,0.48440982960164547,1.4439898766577244,0.66788793168962
6651,Grady Diangana,17,1125,1,0.9809263125061989,0,0.09041122905910015,12,4,0,0,F M S,West Bromwich Albion,1,0.9809263125061989,1.4407385848462582,0.6211172696202993
6665,Curtis Jones,23,1110,1,1.758892709389329,2,1.5211435090750456,19,12,2,0,M S,Liverpool,1,1.758892709389329,7.238133803009987,4.678141664713621
6674,Rayan Ait Nouri,19,1236,1,0.47554686572402716,1,0.7904387172311544,15,14,0,0,D M S,Wolverhampton Wanderers,1,0.47554686572402716,2.69210309907794,2.285053768195212
6817,Fred,29,2314,1,1.733165263198316,0,2.232571354135871,25,24,5,0,M S,Manchester United,1,1.733165263198316,13.194867569953203,10.363801281899214
6835,Tom Cairney,10,762,1,0.583964585326612,1,0.9888524450361729,12,17,2,0,M S,Fulham,1,0.583964585326612,3.3855622112751007,2.849907038733363
6850,Willy Boly,19,1710,1,1.0985003700479865,1,0.5512954220175743,13,3,1,0,D,Wolverhampton Wanderers,1,1.0985003700479865,2.68421570956707,2.521660402417183
6851,Conor Coady,34,3035,1,1.445029648952186,0,0.19623830169439316,7,3,5,0,D,Wolverhampton Wanderers,1,1.445029648952186,4.688826096244156,4.520474375225604
6857,Morgan Gibbs-White,8,228,1,0.6897356510162354,0,0.052407797425985336,5,3,0,0,F M S,Wolverhampton Wanderers,1,0.6897356510162354,1.1498201042413712,0.4566633999347687
6859,Kortney Hause,4,360,1,1.2494960576295853,0,0,3,0,1,0,D,Aston Villa,1,1.2494960576295853,1.2654046416282654,1.2654046416282654
6891,Ryan Fredericks,14,563,1,0.21433745697140694,1,1.298734912648797,4,12,2,0,D M S,West Ham,1,0.21433745697140694,1.0619316771626472,0.30801658518612385
6892,Fabián Balbuena,14,1197,1,1.0978245548903942,0,0,8,0,1,1,D S,West Ham,1,1.0978245548903942,2.218800287693739,1.9963053427636623
7063,Bernard,10,399,1,0.1936356108635664,0,0.4707091636955738,6,9,2,0,F M S,Everton,1,0.1936356108635664,1.2278060037642717,0.647920255549252
7236,Leander Dendoncker,30,2335,1,3.381598680280149,0,0.581333028152585,31,17,3,0,D M S,Wolverhampton Wanderers,1,3.381598680280149,7.62294358946383,4.80870714597404
7390,Karlan Grant,18,1129,1,1.6942405216395855,0,0.14918647333979607,16,2,1,0,F M S,West Bromwich Albion,1,1.6942405216395855,1.810006550513208,0.5052706673741341
7395,Carlos Vinicius,9,300,1,1.2549921572208405,0,0.10279384814202785,7,2,2,0,F S,Tottenham,1,1.2549921572208405,1.4212634414434433,0.08671846613287926
7701,Moussa Djenepo,26,1146,1,0.7818627245724201,0,0.3710938021540642,13,5,5,0,M S,Southampton,1,0.7818627245724201,2.960300277918577,1.8959674220532179
7714,Ben Osborn,21,1359,1,1.0508828964084387,0,2.3706215154379606,8,15,1,0,D M S,Sheffield United,1,1.0508828964084387,4.932242838665843,3.1582950856536627
7721,Conor Hourihane,4,236,1,0.5679545402526855,1,0.9191879034042358,5,5,0,0,M S,Aston Villa,1,0.5679545402526855,0.6681759208440781,0.19055770710110664
7752,Gabriel Martinelli,12,568,1,2.488268803805113,1,1.7456509061157703,19,9,0,0,F M S,Arsenal,1,2.488268803805113,5.395538169890642,1.7565973456948996
8020,Steven Alzate,12,743,1,0.7746751420199871,0,0.8960979823023081,5,10,2,0,D M S,Brighton,1,0.7746751420199871,3.239844551309943,2.1663379408419132
8067,Reece James,30,2175,1,1.5055478811264038,2,3.5492397723719478,33,40,3,0,D M S,Chelsea,1,1.5055478811264038,9.769464356824756,7.677394103258848
8089,Kieran Tierney,25,2134,1,0.386676630936563,2,3.448338388465345,15,30,4,0,D S,Arsenal,1,0.386676630936563,8.149762509390712,5.122224764898419
8226,Tariq Lamptey,11,904,1,0.7030039094388485,1,0.8089809715747833,6,10,2,1,D M,Brighton,1,0.7030039094388485,4.568889327347279,3.691588267683983
8285,Sander Berge,15,1116,1,1.216416584327817,1,1.7773305177688599,10,14,4,0,M S,Sheffield United,0,0.4552477616816759,3.9067584052681923,3.0664280876517296
8379,Alexis Mac Allister,19,954,1,1.2075861087068915,1,1.6588645931333303,21,12,1,0,F M S,Brighton,1,1.2075861087068915,5.172496307641268,3.141623765230179
8481,Jimmy Dunne,2,180,1,0.22237548604607582,0,0.10200031474232674,3,2,0,0,D,Burnley,1,0.22237548604607582,0.10443910025060177,0.043035658076405525
8562,Luke Thomas,12,802,1,0.20431569404900074,0,0.9476513303816319,6,7,2,0,D M S,Leicester,1,0.20431569404900074,2.1292432993650436,1.7060495931655169
8717,Pascal Struijk,24,1920,1,1.8445887165144086,0,0.03002553479745984,12,2,2,0,D M S,Leeds,1,1.8445887165144086,5.398729493841529,5.398729493841529
8780,Joël Veltman,28,2281,1,1.2756177727133036,1,1.8462188187986612,14,22,3,0,D M S,Brighton,1,1.2756177727133036,9.022530617192388,6.800674581900239
8816,Liam Cooper,23,2009,1,2.094512293115258,0,0,15,0,3,1,D,Leeds,1,2.094512293115258,6.350193368270993,6.350193368270993
8821,Donny van de Beek,17,394,1,0.28271791338920593,1,1.0433875694870949,1,3,1,0,M S,Manchester United,1,0.28271791338920593,3.1654628850519657,1.8393573760986328
8961,Rúben Dias,30,2668,1,1.8783842287957668,0,0.10559610091149807,12,3,3,0,D,Manchester City,1,1.8783842287957668,15.697644360363483,15.57594982534647
9163,Kean Bryan,13,1012,1,0.5354916416108608,0,0.8194743879139423,3,4,1,0,D S,Sheffield United,1,0.5354916416108608,1.4283712692558765,1.385759647935629
76,Fabian Schär,17,1236,0,0.699408020824194,0,0,11,0,4,1,D S,Newcastle United,0,0.699408020824194,0.9551226757466793,0.8735608421266079
181,Bernd Leno,33,2956,0,0,0,0,0,0,0,1,GK,Arsenal,0,0,3.3993393145501614,3.3993393145501614
200,Andreas Christensen,17,1375,0,0.12940827198326588,0,0.250104570761323,3,6,2,1,D S,Chelsea,0,0.12940827198326588,7.441710580140352,7.276742447167635
342,Sead Kolasinac,1,90,0,0,0,0,0,0,0,0,D,Arsenal,0,0,0.42935803532600403,0.42935803532600403
461,Matt Ritchie,15,1090,0,0.28628184273838997,2,1.5986818857491016,10,19,1,0,D M S,Newcastle United,0,0.28628184273838997,4.3458093628287315,3.6414511874318123
465,Joshua King,11,119,0,0.7881247904151678,0,0,3,0,0,0,S,Everton,0,0.7881247904151678,0.8868908192962408,0.7569956742227077
484,Divock Origi,9,176,0,1.0811212956905365,0,0.1400348860770464,7,2,0,0,F S,Liverpool,0,1.0811212956905365,1.4969345815479755,0.7823662180453539
485,Mamadou Sakho,4,274,0,0.0188349187374115,0,0,1,0,0,0,D S,Crystal Palace,0,0.0188349187374115,0.5140529274940491,0.5140529274940491
489,James Milner,24,1028,0,0.35657380148768425,1,0.7905595283955336,12,13,2,0,D M S,Liverpool,0,0.35657380148768425,5.68504504673183,4.885257272981107
508,Calum Chambers,8,570,0,0.3639731630682945,1,0.4317225404083729,8,7,0,0,D S,Arsenal,0,0.3639731630682945,2.74613493680954,2.3315254747867584
510,Joel Ward,23,1982,0,0.05171137396246195,1,0.4356041541323066,2,6,4,0,D S,Crystal Palace,0,0.05171137396246195,2.9488886315375566,2.722056483849883
527,Adrián,3,270,0,0,0,0,0,0,0,0,GK,Liverpool,0,0,0.3974394351243973,0.3974394351243973
530,James Tomkins,5,385,0,0.061319392174482346,0,0,1,0,1,0,D S,Crystal Palace,0,0.061319392174482346,0.2581058517098427,0.2581058517098427
533,Mark Noble,20,697,0,0.0526793897151947,0,0.1763314949348569,1,5,1,0,M S,West Ham,0,0.0526793897151947,0.7763152047991753,0.7236358076334
534,Aaron Cresswell,33,2906,0,0.853161757811904,7,6.011440368369222,18,50,3,0,D,West Ham,0,0.853161757811904,9.647792059928179,7.5200084038078785
540,Darren Randolph,2,180,0,0,0,0,0,0,0,0,GK,West Ham,0,0,0.17282110452651978,0.17282110452651978
545,Kieran Gibbs,10,808,0,0.06194194033741951,0,0.4062059596180916,1,4,0,1,D S,West Bromwich Albion,0,0.06194194033741951,0.8934749104082584,0.8129167035222054
546,David de Gea,25,2208,0,0,0,0,0,0,0,0,GK,Manchester United,0,0,2.067058579996228,2.067058579996228
549,Timothy Fosu-Mensah,1,85,0,0.015449298545718193,0,0.30515241622924805,1,2,1,0,D,Manchester United,0,0.015449298545718193,0.4019051194190979,0.3608218729496002
554,Juan Mata,8,431,0,0.3115340732038021,2,0.722595326602459,4,8,0,0,M S,Manchester United,0,0.3115340732038021,2.2593275867402554,1.4097196031361818
573,Odion Ighalo,1,5,0,0,0,0,0,0,0,0,S,Manchester United,0,0,0,0
585,Seamus Coleman,23,1440,0,0.6693100575357676,3,1.4961673393845558,9,18,0,0,D M S,Everton,0,0.6693100575357676,5.011361211538315,3.812341209501028
587,Phil Jagielka,9,522,0,0,0,0,0,0,1,1,D S,Sheffield United,0,0,0.9072464257478714,0.9072464257478714
589,James McCarthy,13,584,0,0.012277675792574883,0,0.09529435448348522,1,2,1,0,M S,Crystal Palace,0,0.012277675792574883,0.9034657664597034,0.9034657664597034
603,Nathaniel Clyne,13,1151,0,0.12293394096195698,1,0.22248492389917374,4,4,2,0,D,Crystal Palace,0,0.12293394096195698,1.8969638887792826,1.7311625815927982
614,Fernandinho,19,1051,0,0.7380763320252299,0,0.7950027352198958,13,9,5,0,M S,Manchester City,0,0.7380763320252299,6.907375477254391,6.46776919811964
624,Willy Caballero,1,90,0,0,0,0,0,0,0,0,GK,Chelsea,0,0,0.14356312155723572,0.14356312155723572
633,James McArthur,18,1482,0,0.28225431498140097,2,1.5203707329928875,6,15,3,0,M S,Crystal Palace,0,0.28225431498140097,3.245603632181883,2.2573831360787153
635,Alex McCarthy,27,2430,0,0,0,0,0,0,2,0,GK,Southampton,0,0,2.534433638677001,2.534433638677001
637,Hugo Lloris,35,3150,0,0,0,0,0,0,0,0,GK,Tottenham,0,0,4.396056717261672,4.396056717261672
643,Eric Dier,26,2340,0,1.1357588022947311,0,0.20959302177652717,13,5,3,0,D,Tottenham,0,1.1357588022947311,5.16045817732811,5.136125922203064
645,Dele Alli,12,372,0,0.9647119082510471,1,0.6817679796367884,7,7,0,0,M S,Tottenham,0,0.9647119082510471,2.404136164113879,1.4251607414335012
660,Ben Davies,20,1330,0,0.19769307598471642,1,0.4373754449188709,3,8,1,0,D S,Tottenham,0,0.19769307598471642,2.6845735367387533,2.3310538921505213
661,Josh Onomah,9,201,0,0.48260303400456905,0,0.032975926995277405,4,1,1,0,M S,Fulham,0,0.48260303400456905,0.7905660439282656,0.3758970070630312
682,Branislav Ivanovic,13,761,0,0.45947081595659256,0,0.048929497599601746,4,1,2,0,D S,West Bromwich Albion,0,0.45947081595659256,0.34919734112918377,0.34919734112918377
697,Nemanja Matic,19,1009,0,0.1647858265787363,0,0.6243858942762017,6,7,2,0,M S,Manchester United,0,0.1647858265787363,4.942913569509983,4.320138575509191
703,Fikayo Tomori,1,43,0,0,0,0,0,0,0,0,S,Chelsea,0,0,0.0727275162935257,0.0727275162935257
706,Lukasz Fabianski,33,2970,0,0,0,0,0,0,2,0,GK,West Ham,0,0,1.0450658956542611,1.0450658956542611
708,Federico Fernández,21,1820,0,0.16576550714671612,0,0.5494400765746832,3,6,4,0,D,Newcastle United,0,0.16576550714671612,2.82284165173769,2.7555060163140297
710,Neil Taylor,1,13,0,0,0,0,0,0,1,0,S,Aston Villa,0,0,0,0
712,Jack Cork,13,1098,0,0.197326747700572,0,0.1343722827732563,5,5,2,0,M S,Burnley,0,0.197326747700572,2.2741899993270636,2.028700854629278
727,DeAndre Yedlin,6,442,0,0.0998492855578661,0,0.08443297632038593,2,3,0,0,D S,Newcastle United,0,0.0998492855578661,0.5257039777934551,0.3566392660140991
730,Patrick van Aanholt,21,1774,0,1.398338496685028,1,0.649572467431426,18,12,2,0,D M S,Crystal Palace,0,1.398338496685028,4.809477232396603,3.354221023619175
741,Jordan Pickford,28,2472,0,0,0,0.021773621439933777,0,1,1,0,GK,Everton,0,0,3.6088443445041776,3.587070723064244
745,Kasper Schmeichel,36,3240,0,0,0,0,0,0,0,0,GK,Leicester,0,0,3.83830819837749,3.83830819837749
748,Wes Morgan,3,13,0,0,0,0,0,0,0,0,S,Leicester,0,0,0.14461266994476318,0.14461266994476318
749,Christian Fuchs,9,703,0,0.07373147457838058,0,0.013015583157539368,4,1,4,0,D S,Leicester,0,0.07373147457838058,2.723851103335619,2.66554918885231
751,N&#039;Golo Kanté,29,2111,0,0.6459115818142891,2,1.135917391628027,9,21,7,0,M S,Chelsea,0,0.6459115818142891,9.97731988877058,8.441409684717655
762,Demarai Gray,1,17,0,0.05797205865383148,0,0,1,0,0,0,S,Leicester,0,0.05797205865383148,0.02703343704342842,0.02703343704342842
772,Moussa Sissoko,24,1562,0,0.24807330965995789,0,0.18440947122871876,3,4,3,0,D M S,Tottenham,0,0.24807330965995789,4.136225494556129,3.9269614992663264
780,Karl Darlow,25,2250,0,0,0,0,0,0,2,0,GK,Newcastle United,0,0,0.9974323827773333,0.9974323827773333
785,John Ruddy,1,1,0,0,0,0,0,0,0,0,S,Wolverhampton Wanderers,0,0,0,0
831,Fraser Forster,8,720,0,0,0,0,0,0,0,0,GK,Southampton,0,0,1.1139454767107964,1.1139454767107964
835,Ryan Bertrand,29,2600,0,0.374919967725873,1,1.395297447219491,8,13,5,0,D,Southampton,0,0.374919967725873,5.361662907525897,4.813895485363901
839,Shane Long,11,184,0,0.06422476656734943,0,0,2,0,0,0,F S,Southampton,0,0.06422476656734943,0.08692492172122002,0.06606833077967167
847,Cédric Soares,10,746,0,0.20354272704571486,1,0.8928054347634315,7,6,1,0,D S,Arsenal,0,0.20354272704571486,3.3355983961373568,2.9193570725619793
848,Charlie Austin,5,126,0,0.4129626452922821,0,0,3,0,0,0,S,West Bromwich Albion,0,0.4129626452922821,0.4129626452922821,0
857,Phil Bardsley,4,272,0,0.06341451406478882,0,0,3,0,2,0,D S,Burnley,0,0.06341451406478882,0.1266939826309681,0.10160527005791664
876,Fabian Delph,8,249,0,0.014957983046770096,0,0.054449012503027916,1,2,1,0,D M S,Everton,0,0.014957983046770096,1.060617944225669,1.0171574261039495
884,Matt Targett,35,3137,0,0.2803044756874442,1,2.6139382608234882,6,35,7,0,D,Aston Villa,0,0.2803044756874442,8.981468150392175,7.5739229610189795
885,Kyle Walker-Peters,27,2414,0,0.6814663354307413,1,0.8079876322299242,15,14,4,0,D,Southampton,0,0.6814663354307413,7.599894292652607,6.445552548393607
887,Erik Pieters,20,1259,0,0.15116792730987072,1,0.3636159598827362,4,5,1,0,D M S,Burnley,0,0.15116792730987072,1.9328867439180613,1.552714355289936
888,Xherdan Shaqiri,13,508,0,0.42472053691744804,2,2.46751569211483,11,17,2,0,F M S,Liverpool,0,0.42472053691744804,4.508836284279823,2.0631670746952295
910,Harrison Reed,29,2133,0,0.2909777192398906,2,1.6743545476347208,13,20,5,0,M S,Fulham,0,0.2909777192398906,6.728300507180393,5.894735691137612
934,Axel Tuanzebe,7,221,0,0,0,0,0,0,2,0,D S,Manchester United,0,0,0.6552485078573227,0.6552485078573227
966,Alex Oxlade-Chamberlain,11,229,0,0.2500363178551197,1,0.30177750438451767,7,2,0,0,F M S,Liverpool,0,0.2500363178551197,0.9986630138009787,0.7666849214583635
971,Harry Winks,12,666,0,0.047471366822719574,0,0.16632842272520065,3,3,4,0,M S,Tottenham,0,0.047471366822719574,3.5077472180128098,3.4030263908207417
978,Sam Johnstone,34,3060,0,0,1,0.11011698096990585,0,1,0,0,GK,West Bromwich Albion,0,0,2.272354554384947,2.162237573415041
987,Joseph Gomez,7,594,0,0,0,0.06542927026748657,0,1,0,0,D S,Liverpool,0,0,2.0854201316833496,2.019990861415863
1013,Sam Field,3,56,0,0,0,0,0,0,0,0,S,West Bromwich Albion,0,0,0,0
1014,Tyler Roberts,24,1292,0,1.484210079535842,2,2.217477835714817,23,13,3,0,F M S,Leeds,0,1.484210079535842,6.644738730043173,3.2016658689826727
1042,Tom Davies,23,1335,0,0.1774021964520216,1,0.9561843797564507,7,6,3,0,D M S,Everton,0,0.1774021964520216,3.084038410335779,2.5864775255322456
1084,Jonjoe Kenny,4,81,0,0,0,0,0,0,0,0,D S,Everton,0,0,0.24064451456069946,0.24064451456069946
1208,Felipe Anderson,2,2,0,0,0,0,0,0,0,0,S,West Ham,0,0,0.05036865919828415,0.05036865919828415
1245,Emerson,2,88,0,0,0,0,0,0,0,0,S,Chelsea,0,0,0,0
1257,Alisson,30,2700,0,0,0,0,0,0,1,0,GK,Liverpool,0,0,2.9237628299742937,2.9237628299742937
1304,Moise Kean,2,10,0,0.02234572172164917,0,0,1,0,0,0,S,Everton,0,0.02234572172164917,0.02234572172164917,0
1379,Allan,21,1781,0,0.21419566124677658,0,0.5421954039484262,6,12,6,0,M S,Everton,0,0.21419566124677658,8.569675862789154,7.942190930247307
1545,Emil Krafth,13,1043,0,0.09292967990040779,0,0.4345151521265507,6,6,4,0,D S,Newcastle United,0,0.09292967990040779,2.84619895555079,2.36234262958169
1682,Islam Slimani,1,17,0,0.10036919265985489,0,0.07683446258306503,1,1,0,0,S,Leicester,0,0.10036919265985489,0.17720365524291992,0
1683,Ryan Fraser,18,920,0,0.9030798394232988,2,2.168529823422432,13,25,0,1,F M S,Newcastle United,0,0.9030798394232988,2.994263719767332,1.3422147808596492
1685,Ahmed Elmohamady,13,733,0,0.29882990196347237,0,0.9699725471436977,8,12,2,0,D S,Aston Villa,0,0.29882990196347237,2.3067266130819917,1.4899708041921258
1689,Jake Livermore,17,1237,0,0.28153711929917336,0,0.1757232453674078,5,5,2,1,M S,West Bromwich Albion,0,0.28153711929917336,1.8757057525217533,1.5647276248782873
1691,Robert Snodgrass,11,533,0,0.2063673846423626,0,0.5400325320661068,4,3,2,0,M S,"West Bromwich Albion,West Ham",0,0.2063673846423626,0.8308929689228535,0.16630877368152142
1699,Shkodran Mustafi,3,43,0,0,0,0,0,0,0,0,S,Arsenal,0,0,0.06472476571798325,0.06472476571798325
1719,Javier Manquillo,13,823,0,0.023161858320236206,0,0.2976967543363571,1,5,1,0,D S,Newcastle United,0,0.023161858320236206,1.4320279778912663,1.111169352196157
1735,Jack Stephens,16,1364,0,0.7723660431802273,0,0.4051140248775482,5,4,2,0,D M S,Southampton,0,0.7723660431802273,2.8269380796700716,2.4972533006221056
1738,Hal Robson-Kanu,16,316,0,0.11839285865426064,0,0.1340111494064331,4,2,2,0,S,West Bromwich Albion,0,0.11839285865426064,0.8580504171550274,0.6344092078506947
1739,Eric Bailly,11,826,0,0.04878591373562813,0,0,1,0,3,0,D S,Manchester United,0,0.04878591373562813,1.1188668683171272,1.1188668683171272
1747,Kevin Long,8,635,0,0.6100033670663834,0,0.017368044704198837,2,1,2,0,D S,Burnley,0,0.6100033670663834,0.502235908061266,0.502235908061266
1748,Lys Mousset,11,284,0,0.8426320925354958,0,0.43718888610601425,4,3,0,0,F S,Sheffield United,0,0.8426320925354958,1.540307693183422,0.26048676669597626
1749,Rob Holding,28,2368,0,0.7339209318161011,1,0.20068277791142464,14,4,2,0,D S,Arsenal,0,0.7339209318161011,6.967871494591236,6.727711737155914
1750,Ainsley Maitland-Niles,23,1551,0,0.7501883693039417,0,0.7159004714339972,11,4,2,0,D M S,"Arsenal,West Bromwich Albion",0,0.7501883693039417,5.7628669291734695,4.988443480804563
1760,Arthur Masuaku,12,1017,0,0.4290256863459945,2,2.595891861245036,6,11,2,0,D M,West Ham,0,0.4290256863459945,4.273891273885965,1.791139980778098
1785,Nampalys Mendy,22,1393,0,0.0570374820381403,1,0.1600445732474327,3,4,5,0,M S,Leicester,0,0.0570374820381403,3.4648478906601667,3.3244198374450207
1822,Antonio Rüdiger,17,1530,0,0.4511233614757657,0,0.3058073613792658,13,4,0,0,D,Chelsea,0,0.4511233614757657,8.047542005777359,7.954727828502655
1823,Lucas Digne,27,2413,0,0.449756165035069,7,5.793575529009104,12,40,2,1,D M,Everton,0,0.449756165035069,9.935629539191723,5.841239705681801
1828,Alex Telles,8,606,0,0.12450907565653324,2,0.7529142946004868,4,11,0,0,D S,Manchester United,0,0.12450907565653324,2.7918532490730286,2.7112308740615845
2164,Pablo Hernández,15,332,0,1.0526651926338673,2,0.8278257250785828,10,5,1,0,M S,Leeds,0,1.0526651926338673,3.794431648682803,2.0059418729506433
2190,Vicente Guaita,35,3150,0,0,0,0,0,0,2,0,GK,Crystal Palace,0,0,1.4173781387507915,1.4173781387507915
2254,Mateo Kovacic,25,1706,0,0.8797842259518802,1,1.8180853137746453,21,20,3,0,M S,Chelsea,0,0.8797842259518802,12.658352469094098,11.034226075746119
2259,Kiko Casilla,1,90,0,0,0,0,0,0,0,0,GK,Leeds,0,0,0,0
2280,Jonny,7,505,0,0.05170465260744095,0,0.050900813192129135,1,2,0,0,D,Wolverhampton Wanderers,0,0.05170465260744095,0.333493878133595,0.23088842164725065
2310,Alphonse Areola,34,3060,0,0,0,0,0,0,1,0,GK,Fulham,0,0,3.1468358524143696,3.1468358524143696
2328,Thomas Partey,22,1372,0,0.9437785539776087,2,1.121044723317027,21,12,5,0,M S,Arsenal,0,0.9437785539776087,6.650605104863644,5.262657348066568
2383,André Gomes,26,1560,0,0.42712869960814714,1,1.0544508751481771,14,15,3,0,M S,Everton,0,0.42712869960814714,5.453680264763534,4.321547605097294
2385,Mat Ryan,14,1260,0,0,0,0.06032726913690567,0,1,1,0,GK,"Arsenal,Brighton",0,0,1.6561843641102314,1.6561843641102314
2446,Dani Ceballos,25,1613,0,0.6592579409480095,3,2.578971767798066,13,27,4,0,M S,Arsenal,0,0.6592579409480095,9.275826007127762,8.116632506251335
2498,Aymeric Laporte,16,1335,0,0.8423399478197098,0,0.5778953805565834,6,5,1,0,D S,Manchester City,0,0.8423399478197098,6.243810184299946,6.243810184299946
2958,Oleksandr Zinchenko,18,1293,0,0.5704226912930608,0,1.0854990985244513,14,15,0,0,D M S,Manchester City,0,0.5704226912930608,8.384773816913366,7.677378583699465
3231,Kamil Grosicki,3,151,0,0.10924907773733139,1,0.5663558542728424,3,3,0,0,M S,West Bromwich Albion,0,0.10924907773733139,0.16501346230506897,0.017962073907256126
3303,Ricardo Pereira,13,907,0,0.36339378356933594,1,0.4388066679239273,7,8,2,0,D M S,Leicester,0,0.36339378356933594,4.018920209258795,3.349875647574663
3304,Maxime Le Marchand,2,118,0,0.009506329894065857,0,0,1,0,2,0,D S,Fulham,0,0.009506329894065857,0.24691654741764069,0.24691654741764069
3420,Fabinho,27,2293,0,0.24002165719866753,0,0.17453852854669094,6,3,6,0,D M S,Liverpool,0,0.24002165719866753,9.081194180995226,8.950640637427568
3585,Said Benrahma,27,1261,0,2.3313562916591763,5,3.7897893832996488,32,23,0,0,M S,West Ham,0,2.3313562916591763,9.143547979183495,3.7294932696968317
3696,Morgan Sanson,9,291,0,0.026357137598097324,0,0.10845217108726501,2,1,3,0,M S,Aston Villa,0,0.026357137598097324,0.30181363597512245,0.19336146488785744
3979,Ahmed Hegazy,1,90,0,0,0,0,0,0,0,0,D,West Bromwich Albion,0,0,0.18402814865112305,0.18402814865112305
4401,Emiliano Martinez,35,3150,0,0,0,0.1229233592748642,0,2,0,0,GK,Aston Villa,0,0,3.275724542327225,3.1528011756017804
4764,Jean-Philippe Gbamin,1,9,0,0,0,0,0,0,0,0,S,Everton,0,0,0,0
4866,Aboubakar Kamara,11,303,0,0.6549202371388674,0,0.32896897941827774,4,6,1,1,F M S,Fulham,0,0.6549202371388674,1.1032148711383343,0.1823261920362711
4918,Patrick Cutrone,2,21,0,0.07145750522613525,0,0,1,0,0,0,S,Wolverhampton Wanderers,0,0.07145750522613525,0.07145750522613525,0
5061,Kepa,6,540,0,0,0,0,0,0,0,0,GK,Chelsea,0,0,0.2914665825664997,0.2914665825664997
5245,Bernardo,3,201,0,0.31766778230667114,0,0.17365065217018127,4,2,0,0,D M S,Brighton,0,0.31766778230667114,0.27330002188682556,0.09216472506523132
5247,Naby Keita,10,525,0,0.39325888082385063,0,0.9129509925842285,9,6,1,0,M S,Liverpool,0,0.39325888082385063,3.590221043676138,2.329714197665453
5274,Michael Hector,4,266,0,0.08639734238386154,0,0.019498158246278763,1,1,2,0,D S,Fulham,0,0.08639734238386154,0.4653734043240547,0.44587526470422745
5552,Nick Pope,32,2880,0,0,0,0.08605048805475235,0,2,1,0,GK,Burnley,0,0,1.1779351308941841,1.0918846428394318
5562,Rekeem Harper,2,27,0,0.029595350846648216,0,0,1,0,0,0,S,West Bromwich Albion,0,0.029595350846648216,0.038211461156606674,0.008616110309958458
5569,Rhian Brewster,25,1076,0,1.8203916726633906,0,1.7666287925094366,22,11,1,0,F M S,Sheffield United,0,1.8203916726633906,3.8525331215932965,0.6998756164684892
5590,Tosin Adarabioyo,30,2685,0,1.5607313411310315,0,0.2561739608645439,18,4,1,0,D,Fulham,0,1.5607313411310315,5.199852817691863,5.14156533125788
5603,Aaron Ramsdale,35,3150,0,0,0,0.05357085168361664,0,1,1,0,GK,Sheffield United,0,0,2.7700847927480936,2.7165139485150576
5708,Fernando Marçal,12,609,0,0.07455454580485821,0,0.12729191407561302,2,3,2,0,D M S,Wolverhampton Wanderers,0,0.07455454580485821,1.9878662656992674,1.82105128839612
5973,Kenny Tete,19,1302,0,0.17484362237155437,1,0.8455659039318562,6,18,2,0,D S,Fulham,0,0.17484362237155437,3.1471629478037357,2.1950955744832754
6044,Charlie Taylor,26,2160,0,0.11451608128845692,1,1.5903598442673683,3,12,1,0,D S,Burnley,0,0.11451608128845692,4.195573542267084,3.779345642775297
6050,Davy Pröpper,7,201,0,0.13856251817196608,0,0,4,0,0,0,M S,Brighton,0,0.13856251817196608,0.26994941383600235,0.19422807544469833
6051,Dale Stephens,7,258,0,0.08226923830807209,0,0,3,0,1,0,M S,Burnley,0,0.08226923830807209,0.24124889820814133,0.1589796580374241
6054,Ederson,34,3060,0,0,1,0.3033580780029297,0,1,3,0,GK,Manchester City,0,0,7.002243537455797,6.698885481804609
6062,Isaac Hayden,24,1946,0,0.6148466067388654,0,0.24249647092074156,16,7,8,0,D M S,Newcastle United,0,0.6148466067388654,4.556474668905139,4.0891827661544085
6067,Terence Kongolo,1,90,0,0,0,0,0,0,0,0,D,Fulham,0,0,0.37357693910598755,0.37357693910598755
6122,Douglas Luiz,31,2704,0,1.3188335550948977,2,2.307814064435661,26,18,8,1,M,Aston Villa,0,1.3188335550948977,9.42886376939714,7.031406069174409
6162,Cengiz Ünder,9,259,0,0.2526032058522105,2,1.664034228771925,9,6,0,0,M S,Leicester,0,0.2526032058522105,2.688693110831082,1.0227039009332657
6163,Nélson Semedo,31,2724,0,1.1767428312450647,1,0.8196329893544316,22,19,4,0,D M,Wolverhampton Wanderers,0,1.1767428312450647,6.958904572762549,5.6018218686804175
6231,José Izquierdo,1,7,0,0.01680678315460682,0,0,1,0,0,0,S,Brighton,0,0.01680678315460682,0.06661348789930344,0.04980670288205147
6249,Davinson Sánchez,17,1398,0,0.8006941750645638,0,0,5,0,1,0,D S,Tottenham,0,0.8006941750645638,5.23857457190752,5.23857457190752
6273,Robin Koch,17,1124,0,0.5145197957754135,0,0.12580820359289646,9,4,1,0,D M S,Leeds,0,0.5145197957754135,4.6775881461799145,4.5231566950678825
6274,Andriy Yarmolenko,15,343,0,0.3100077696144581,1,0.7814441211521626,7,5,3,0,M S,West Ham,0,0.3100077696144581,1.4537306912243366,0.9313923269510269
6350,Jayson Molumby,1,1,0,0,0,0,0,0,0,0,S,Brighton,0,0,0,0
6369,Ethan Ampadu,25,2095,0,0.19445300102233887,0,0.9830160085111856,7,11,3,0,D M S,Sheffield United,0,0.19445300102233887,3.26227830350399,2.9991700667887926
6377,Joe Rodon,11,729,0,0.018329372629523277,0,0,1,0,0,0,D S,Tottenham,0,0.018329372629523277,1.4196595326066017,1.4196595326066017
6418,Hamza Choudhury,10,312,0,0.44779783114790916,0,0,4,0,1,0,M S,Leicester,0,0.44779783114790916,2.327858991920948,1.9456675946712494
6434,Franck Zambo,33,2381,0,1.3096235720440745,3,2.301115034148097,32,28,6,0,M S,Fulham,0,1.3096235720440745,8.059018854051828,5.916361594572663
6477,Cenk Tosun,5,37,0,0,0,0.07407927513122559,0,1,2,0,S,Everton,0,0,0.10806649923324585,0.033987220376729965
6492,Reiss Nelson,2,59,0,0.056917089968919754,0,0,1,0,0,0,S,Arsenal,0,0.056917089968919754,0.34803973510861397,0.2911226451396942
6504,Michael Obafemi,3,47,0,0,0,0.0549185536801815,0,1,0,0,S,Southampton,0,0,0.14890268631279469,0.14890268631279469
6532,Martin Dubravka,10,900,0,0,0,0,0,0,0,0,GK,Newcastle United,0,0,1.528716784901917,1.528716784901917
6736,Ibrahima Diallo,19,887,0,0.543974757194519,0,0.17271673493087292,5,6,2,0,M S,Southampton,0,0.543974757194519,2.593074072152376,2.3911235444247723
6822,Lee Peltier,4,230,0,0,0,0.022321734577417374,0,1,1,0,D S,West Bromwich Albion,0,0,0.17831582203507423,0.15599408745765686
6834,Joe Bryan,13,464,0,0.1328025572001934,0,0.10450741648674011,4,2,2,0,D M S,Fulham,0,0.1328025572001934,0.9568636268377304,0.793106272816658
6840,Neeskens Kebano,5,112,0,0.2724298546090722,0,0,6,0,0,0,M S,Fulham,0,0.2724298546090722,0.24167165253311396,0.020527511835098267
6842,Alireza Jahanbakhsh,18,338,0,1.444455387070775,1,3.0371075570583344,14,8,2,0,F M S,Brighton,0,1.444455387070775,4.7134572472423315,2.303490601480007
6843,David Button,1,90,0,0,0,0,0,0,0,0,GK,West Bromwich Albion,0,0,0,0
6849,Rui Patrício,35,3150,0,0,0,0,0,0,1,0,GK,Wolverhampton Wanderers,0,0,1.2123261084780097,1.2123261084780097
6852,Matt Doherty,15,1135,0,0.31473442912101746,2,0.7148577719926834,1,10,2,1,D M S,Tottenham,0,0.31473442912101746,4.293894185684621,3.7091112481430173
6856,Rúben Vinagre,2,173,0,0,0,0,0,0,0,0,D S,Wolverhampton Wanderers,0,0,0.17874661833047867,0.17874661833047867
6875,Rúnar Alex Rúnarsson,1,11,0,0,0,0,0,0,0,0,S,Arsenal,0,0,0,0
6880,Edouard Mendy,29,2610,0,0,0,0,0,0,1,0,GK,Chelsea,0,0,4.159055287018418,4.159055287018418
6923,Mohammed Salisu,9,566,0,0.4632621482014656,0,0.05022008344531059,3,1,0,0,D S,Southampton,0,0.4632621482014656,1.4809325356036425,1.4307124521583319
6932,Okay Yokuslu,13,1070,0,0.5747517589479685,1,0.44252058677375317,11,6,3,0,M S,West Bromwich Albion,0,0.5747517589479685,2.641257608309388,2.214479321613908
6962,Robin Olsen,7,630,0,0,0,0,0,0,1,0,GK,Everton,0,0,0.8195910453796387,0.8195910453796387
7077,Denis Odoi,3,270,0,0.04002567008137703,0,0.050192393362522125,2,1,1,0,D,Fulham,0,0.04002567008137703,0.4257061406970024,0.3856804743409157
7078,Sean Longstaff,19,1286,0,0.7913596900179982,1,0.8946874774992466,14,12,2,0,M S,Newcastle United,0,0.7913596900179982,2.8698544520884752,1.6217477582395077
7184,Tim Ream,5,450,0,0,0,0,0,0,0,0,D,Fulham,0,0,0.6187397316098213,0.6187397316098213
7187,Sergio Reguilón,24,1988,0,1.0527269542217255,3,2.0370533112436533,18,15,5,0,D M S,Tottenham,0,1.0527269542217255,7.997792162001133,5.660064708441496
7280,Yan Valery,3,95,0,0.2929137125611305,0,0.09160998463630676,2,1,0,0,D S,Southampton,0,0.2929137125611305,0.47032806277275085,0.17741435766220093
7298,Ben White,33,2938,0,0.3910535089671612,0,0.9432324087247252,8,8,3,1,D M,Brighton,0,0.3910535089671612,7.925851047039032,7.573125697672367
7326,Kayne Ramsay,1,90,0,0,0,0,0,0,1,0,D,Southampton,0,0,0.016576746478676796,0.016576746478676796
7332,Max Kilman,17,1201,0,0.30801636539399624,1,0.31305786967277527,6,5,4,0,D S,Wolverhampton Wanderers,0,0.30801636539399624,2.029524303972721,1.8352278247475624
7376,Ozan Kabak,9,807,0,0.08602816611528397,0,0.029386911541223526,1,1,3,0,D,Liverpool,0,0.08602816611528397,1.8639117367565632,1.8639117367565632
7382,Dan Burn,24,1789,0,0.8079317165538669,0,0.9778604349121451,14,10,5,0,D M S,Brighton,0,0.8079317165538669,4.449469732120633,3.7891976591199636
7383,Josh Benson,6,257,0,0.20441411435604095,0,0,2,0,0,0,M S,Burnley,0,0.20441411435604095,0.15730134770274162,0.13246959820389748
7589,Wesley Fofana,26,2164,0,1.3763294033706188,0,0.28285554237663746,11,6,6,0,D S,Leicester,0,1.3763294033706188,6.913844794034958,6.818846113979816
7689,Ben Godfrey,28,2412,0,0.699497951194644,2,0.9032995160669088,10,3,4,0,D S,Everton,0,0.699497951194644,4.993574934080243,4.435269890353084
7691,Jamal Lewis,23,1823,0,0.11957662552595139,1,0.9897835236042738,3,14,4,0,D S,Newcastle United,0,0.11957662552595139,4.688646201044321,3.727763444185257
7699,Adam Webster,26,2326,0,1.049387676641345,0,0.2532156016677618,22,5,3,0,D,Brighton,0,1.049387676641345,7.247836146503687,7.10557341389358
7702,Dean Henderson,12,1032,0,0,0,0,0,0,2,0,GK S,Manchester United,0,0,1.2811798937618732,1.2811798937618732
7703,John Egan,28,2358,0,0.39789023250341415,1,0.5566368326544762,10,2,7,1,D S,Sheffield United,0,0.39789023250341415,4.2682803720235825,3.6262677665799856
7704,Chris Basham,28,2332,0,0.577197253704071,1,1.0452364385128021,9,11,3,0,D M,Sheffield United,0,0.577197253704071,7.184440970420837,5.869796497747302
7705,Jack O&#039;Connell,2,180,0,0,0,0,0,0,0,0,D,Sheffield United,0,0,0,0
7706,George Baldock,30,2607,0,1.3163325786590576,2,2.551621049642563,13,17,5,0,D,Sheffield United,0,1.3163325786590576,6.49802222289145,4.445407556369901
7707,Enda Stevens,27,2430,0,1.4472226575016975,0,1.0779717192053795,16,14,5,0,D M,Sheffield United,0,1.4472226575016975,6.755163507536054,5.1190566048026085
7708,John Lundstram,28,2034,0,1.8757738769054413,2,1.4599024429917336,20,20,8,1,M S,Sheffield United,0,1.114605039358139,7.169211085885763,5.258822595700622
7709,John Fleck,28,2306,0,0.4898843066766858,2,2.172909283079207,16,28,3,0,M S,Sheffield United,0,0.4898843066766858,5.518245182931423,3.8573111910372972
7710,Oliver Norwood,29,1969,0,0.3904541227966547,0,1.1339573860168457,9,26,5,0,M S,Sheffield United,0,0.3904541227966547,4.856461521238089,4.213106015697122
7724,Wesley,2,13,0,0.03288218751549721,0,0,1,0,0,0,S,Aston Villa,0,0.03288218751549721,0.11823534592986107,0.08535315841436386
7817,Zack Steffen,1,90,0,0,0,0,0,0,0,0,GK,Manchester City,0,0,0.34973475337028503,0.34973475337028503
7904,Caoimhin Kelleher,2,180,0,0,0,0,0,0,0,0,GK,Liverpool,0,0,0.44792696833610535,0.44792696833610535
7983,Daniel N&#039;Lundulu,13,82,0,0.026467276737093925,0,0.03030879609286785,1,1,0,0,S,Southampton,0,0.026467276737093925,0.05677607282996178,0.026467276737093925
7988,Billy Gilmour,5,256,0,0.05113431066274643,0,0.12365835532546043,1,3,0,0,M S,Chelsea,0,0.05113431066274643,0.5436719954013824,0.4064304232597351
8016,Matthew Longstaff,5,376,0,0,0,0.3137078955769539,0,2,0,0,M S,Newcastle United,0,0,0.4224841073155403,0.10877621918916702
8040,Marvelous Nakamba,11,577,0,0.03308352828025818,0,0.05933398939669132,2,2,2,0,M S,Aston Villa,0,0.03308352828025818,0.4966701101511717,0.41509448178112507
8045,Eric Garcia,4,212,0,0.013568151742219925,0,0.008322987705469131,1,1,0,0,D S,Manchester City,0,0.013568151742219925,0.4251762852072716,0.41160812228918076
8075,Brandon Williams,3,95,0,0,0,0.031206071376800537,0,1,0,0,D S,Manchester United,0,0,0.031206071376800537,0.031206071376800537
8109,Niels Nkounkou,1,70,0,0.016959821805357933,0,0,1,0,1,0,D,Everton,0,0.016959821805357933,0.030957642942667007,0.013997821137309074
8127,Amad Diallo Traore,1,79,0,0,1,0.054054588079452515,0,1,0,0,M,Manchester United,0,0,0.054054588079452515,0
8150,Anthony Gordon,3,87,0,0,0,0.01913999207317829,0,1,0,0,M S,Everton,0,0,0.18850479647517204,0.18850479647517204
8180,Owen Otasowie,6,186,0,0.745342324487865,1,0.38876858353614807,4,2,1,0,M S,Wolverhampton Wanderers,0,0.745342324487865,1.38275361713022,0.30153314489871264
8204,Neco Williams,6,252,0,0.08622520789504051,0,0.19339871406555176,2,3,1,0,D S,Liverpool,0,0.08622520789504051,1.0746421925723553,0.7950182408094406
8214,Tyrick Mitchell,16,1440,0,0.11092577129602432,0,0.12760210037231445,1,2,1,0,D,Crystal Palace,0,0.11092577129602432,3.3604864813387394,3.214576844125986
8222,Japhet Tanganga,4,319,0,0.14991092681884766,0,0.5815756916999817,1,1,1,0,D,Tottenham,0,0.14991092681884766,1.0806656517088413,0.49908996000885963
8224,William Smallbone,3,174,0,0.046092383563518524,0,0,1,0,0,0,M S,Southampton,0,0.046092383563518524,0.18661439046263695,0.14052199944853783
8227,Oskar Buur,1,20,0,0,0,0,0,0,0,0,S,Wolverhampton Wanderers,0,0,0,0
8228,Nathaniel Phillips,14,1181,0,0.6393798030912876,1,0.7887375857681036,9,6,2,0,D S,Liverpool,0,0.6393798030912876,3.1271076444536448,2.957511866465211
8286,Jack Robinson,8,609,0,0.5949212983250618,0,0,4,0,2,0,D S,Sheffield United,0,0.5949212983250618,1.155645815655589,1.155645815655589
8300,Steven Bergwijn,19,1072,0,1.5181242637336254,3,0.7038829978555441,12,11,2,0,F M S,Tottenham,0,1.5181242637336254,4.068328622728586,2.3289037384092808
8323,Josh Brownhill,30,2589,0,1.379999803379178,1,0.7379297874867916,31,15,2,0,M S,Burnley,0,1.379999803379178,5.412350367754698,4.403356658294797
8351,Ki-Jana Hoever,11,478,0,0.057456035166978836,0,0.1140793152153492,1,2,1,0,D S,Wolverhampton Wanderers,0,0.057456035166978836,0.8172335214912891,0.6858011297881603
8366,João Virgínia,1,48,0,0,0,0,0,0,0,0,S,Everton,0,0,0,0
8380,Pablo Marí,10,900,0,0.0405227430164814,0,0.05424394831061363,2,1,2,0,D,Arsenal,0,0.0405227430164814,3.6049745827913284,3.590738072991371
8456,Nathan Tella,15,605,0,1.255803219974041,0,0.9059404730796814,13,3,2,0,F M S,Southampton,0,1.255803219974041,1.9387452527880669,0.3466253373771906
8482,Bailey Peacock-Farrell,3,270,0,0,0,0,0,0,0,0,GK,Burnley,0,0,0.007730923593044281,0.007730923593044281
8493,Jake Vokins,1,69,0,0,0,0.03704096004366875,0,1,0,0,D,Southampton,0,0,0.17254392802715302,0.13550297915935516
8511,Alexandre Jankewitz,2,2,0,0,0,0,0,0,0,1,M S,Southampton,0,0,0.09200882166624069,0.09200882166624069
8566,Joel Mumbongo,4,33,0,0,0,0,0,0,1,0,S,Burnley,0,0,0,0
8704,Marek Rodák,1,90,0,0,0,0,0,0,0,0,GK,Fulham,0,0,0.020527511835098267,0.020527511835098267
8715,Illan Meslier,34,3060,0,0,0,0.042197324335575104,0,1,0,0,GK,Leeds,0,0,5.376866628415883,5.334669311530888
8716,Luke Ayling,35,3130,0,1.2727978071197867,0,2.9888541754335165,21,26,7,0,D M,Leeds,0,1.2727978071197867,12.670285921543837,10.404779373202473
8719,Kalvin Phillips,26,2208,0,0.34012976940721273,2,3.0037146396934986,13,32,7,0,M S,Leeds,0,0.34012976940721273,8.222194952890277,6.829613780602813
8721,Jamie Shackleton,13,446,0,0,0,0.12087768502533436,0,2,0,0,D M S,Leeds,0,0,2.1937082447111607,2.1937082447111607
8723,Ian Poveda-Ocampo,13,315,0,0.6604137122631073,0,1.2583120367489755,5,5,0,0,S,Leeds,0,0.6604137122631073,2.0228553167544305,0.10412959195673466
8756,Dara O&#039;Shea,27,2037,0,0.06425278820097446,0,0.11929176840931177,3,5,3,0,D S,West Bromwich Albion,0,0.06425278820097446,1.8348646657541394,1.7750003170222044
8757,Romaine Sawyers,19,1495,0,0.1499063465744257,0,0.6822901219129562,4,6,3,0,M S,West Bromwich Albion,0,0.1499063465744257,1.843244545161724,1.1865131705999374
8758,Kyle Edwards,5,110,0,0.11881578713655472,0,0.021378837525844574,2,1,0,0,M S,West Bromwich Albion,0,0.11881578713655472,0.19228214025497437,0.05208751931786537
8777,Vitinha,17,426,0,0.6097039291635156,1,0.3814077293500304,6,11,0,0,M S,Wolverhampton Wanderers,0,0.6097039291635156,1.7813369687646627,1.3681932147592306
8852,Konstantinos Tsimikas,1,3,0,0,0,0,0,0,0,0,S,Liverpool,0,0,0,0
8864,Matthew Cash,28,2389,0,0.24789143819361925,2,1.90566261485219,9,21,6,1,D,Aston Villa,0,0.24789143819361925,6.5916025741025805,5.0334595097228885
8868,Liam Delap,1,39,0,0.06408517062664032,0,0,1,0,0,0,S,Manchester City,0,0.06408517062664032,0.06408517062664032,0
8905,Conor Townsend,22,1967,0,0.7400502795353532,2,2.598134009167552,9,22,0,0,D M,West Bromwich Albion,0,0.7400502795353532,5.711879411712289,3.428166352212429
8918,Max Lowe,8,554,0,0.08675811626017094,0,0.18749843537807465,2,2,1,0,D S,Sheffield United,0,0.08675811626017094,1.304746650159359,1.0304901078343391
8919,Leif Davis,2,28,0,0,0,0,0,0,0,0,S,Leeds,0,0,0.2329990118741989,0.2329990118741989
8940,Antonee Robinson,28,2158,0,0.46774907410144806,0,2.032745026051998,10,29,4,1,D M S,Fulham,0,0.46774907410144806,7.802951233461499,6.3960442235693336
8941,Jacob Ramsey,20,497,0,0.3372926823794842,0,0.19331429153680801,7,5,0,0,M S,Aston Villa,0,0.3372926823794842,1.9909125417470932,1.6948828250169754
8965,Vladimir Coufal,31,2786,0,1.3036577012389898,6,5.924080568365753,13,41,3,0,D M,West Ham,0,1.3036577012389898,13.043992180377245,7.2019579112529755
8966,Filip Krovinovic,11,537,0,0.2156818900257349,0,0.17187480628490448,8,5,0,0,M S,West Bromwich Albion,0,0.2156818900257349,0.6958095971494913,0.4774555675685406
9082,Lewis Richardson,2,2,0,0,0,0,0,0,0,0,S,Burnley,0,0,0,0
9086,Rhys Williams,6,392,0,0.0969012901186943,0,0.11884616315364838,2,1,0,0,D S,Liverpool,0,0.0969012901186943,1.1140672713518143,0.9952210932970047
9098,Robert Sánchez,24,2160,0,0,0,0,0,0,1,0,GK,Brighton,0,0,2.647374577820301,2.647374577820301
9099,Andi Zeqiri,7,112,0,0.8853963203728199,0,0,6,0,0,0,S,Brighton,0,0.8853963203728199,0.5767330154776573,0.372782438993454
9154,Elliot Anderson,1,3,0,0,0,0,0,0,0,0,S,Newcastle United,0,0,0,0
9219,Niall Huggins,1,35,0,0,0,0,0,0,0,0,S,Leeds,0,0,0.42923617362976074,0.42923617362976074
9222,Antwoine Hackford,1,4,0,0.1034446656703949,0,0,1,0,0,0,S,Sheffield United,0,0.1034446656703949,0.11183098703622818,0.008386322297155857
9249,Percy Tau,2,84,0,0,0,0.033057164400815964,0,1,0,0,M S,Brighton,0,0,0.10821081697940826,0.0751536563038826
9250,Reda Khadra,1,3,0,0,0,0,0,0,0,0,S,Brighton,0,0,0,0
9256,Caleb Watts,3,30,0,0,0,0,0,0,1,0,S,Southampton,0,0,0,0
9257,Allan Tchaptchet,1,10,0,0,0,0,0,0,0,0,S,Southampton,0,0,0,0
9284,Jakub Moder,9,373,0,0.8051905818283558,0,0.205124169588089,11,3,0,0,D M S,Brighton,0,0.8051905818283558,1.3802409507334232,0.8211099952459335
9307,Iliman Ndiaye,1,10,0,0,0,0,0,0,0,0,S,Sheffield United,0,0,0,0
9311,Thakgalo Leshabela,1,8,0,0,0,0,0,0,0,0,S,Leicester,0,0,1.0024657249450684,1.0024657249450684
9332,Dane Scarlett,1,1,0,0,0,0,0,0,0,0,S,Tottenham,0,0,0,0
9359,Shola Shoretire,1,1,0,0,0,0,0,0,0,0,S,Manchester United,0,0,0,0
9395,Sidnei Tavares,2,84,0,0.02079845406115055,0,0,1,0,0,0,M S,Leicester,0,0.02079845406115055,0.02079845406115055,0
9406,Nathan Broadhead,1,1,0,0,0,0,0,0,0,0,S,Everton,0,0,0,0
9501,Fabio Carvalho,1,11,0,0,0,0,0,0,0,0,S,Fulham,0,0,0,0
9509,Daniel Jebbison,1,24,0,0.35931459069252014,0,0,1,0,0,0,S,Sheffield United,0,0.35931459069252014,0.35931459069252014,0
9524,Anthony Elanga,1,67,0,0,0,0,0,0,0,0,M,Manchester United,0,0,0,0
